{"train/loss": 2.5208747386932373, "train/acc": 70.5777816772461, "_timestamp": 1668935436.814523, "_runtime": 50.93673491477966, "_step": 2, "_wandb": {"runtime": 61}}